the moon,the sun
the moon,stars
the moon,a flashlight
the moon,a star
the moon,planets
the moon,galaxies
the moon,comets
the moon,a candle
the moon,a light bulb
the moon,asteroids
the moon,meteors
the moon,a planet
the moon,a comet
the moon,a meteor
the moon,an aurora
the moon,sunlight
the moon,the stars
the moon,a campfire
the moon,a firework
the moon,a lamp
the moon,a fire
the moon,sun
the moon,moon
the moon,candles
the moon,moonlight
the moon,starlight
the moon,flashlight
the moon,lightning
the moon,the light from a car.
the moon,the of a lightbulb
the moon,a rainbow
the moon,a searchlight
the moon,a lighthouse
the moon,a christmas tree
the moon,meteoroids
the moon,tumbling space debris
the moon,and interstellar dust.
the moon,the zodiacal light
the moon,the gegenschein
the moon,novas
the moon,supernovas
the moon,pulsars
the moon,northern lights
the moon,southern lights
the moon,lightbulbs
the moon,flashlights
the moon,lamps
the moon,fireflies
the moon,lightning bugs
the moon,glow worms
the moon,firelight
the moon,lamplight
the moon,torches
the moon,lamp
the moon,car headlights
the moon,candle
the moon,campfire
the moon,fireplace
the moon,nebulae
the moon,supernovae
the moon,the light from a fire
the moon,a headlight
the moon,street lights
the moon,the light from a phone screen
the moon,a nova
the moon,a supernova
the sun,stars
the sun,a flashlight
the sun,a star
the sun,planets
the sun,galaxies
the sun,comets
the sun,a candle
the sun,a light bulb
the sun,asteroids
the sun,meteors
the sun,a planet
the sun,a comet
the sun,a meteor
the sun,an aurora
the sun,sunlight
the sun,the stars
the sun,a campfire
the sun,a firework
the sun,a lamp
the sun,a fire
the sun,sun
the sun,moon
the sun,candles
the sun,moonlight
the sun,starlight
the sun,flashlight
the sun,lightning
the sun,the light from a car.
the sun,the of a lightbulb
the sun,a rainbow
the sun,a searchlight
the sun,a lighthouse
the sun,a christmas tree
the sun,meteoroids
the sun,tumbling space debris
the sun,and interstellar dust.
the sun,the zodiacal light
the sun,the gegenschein
the sun,novas
the sun,supernovas
the sun,pulsars
the sun,northern lights
the sun,southern lights
the sun,lightbulbs
the sun,flashlights
the sun,lamps
the sun,fireflies
the sun,lightning bugs
the sun,glow worms
the sun,firelight
the sun,lamplight
the sun,torches
the sun,lamp
the sun,car headlights
the sun,candle
the sun,campfire
the sun,fireplace
the sun,nebulae
the sun,supernovae
the sun,the light from a fire
the sun,a headlight
the sun,street lights
the sun,the light from a phone screen
the sun,a nova
the sun,a supernova
stars,a flashlight
stars,a star
stars,planets
stars,galaxies
stars,comets
stars,a candle
stars,a light bulb
stars,asteroids
stars,meteors
stars,a planet
stars,a comet
stars,a meteor
stars,an aurora
stars,sunlight
stars,the stars
stars,a campfire
stars,a firework
stars,a lamp
stars,a fire
stars,sun
stars,moon
stars,candles
stars,moonlight
stars,starlight
stars,flashlight
stars,lightning
stars,the light from a car.
stars,the of a lightbulb
stars,a rainbow
stars,a searchlight
stars,a lighthouse
stars,a christmas tree
stars,meteoroids
stars,tumbling space debris
stars,and interstellar dust.
stars,the zodiacal light
stars,the gegenschein
stars,novas
stars,supernovas
stars,pulsars
stars,northern lights
stars,southern lights
stars,lightbulbs
stars,flashlights
stars,lamps
stars,fireflies
stars,lightning bugs
stars,glow worms
stars,firelight
stars,lamplight
stars,torches
stars,lamp
stars,car headlights
stars,candle
stars,campfire
stars,fireplace
stars,nebulae
stars,supernovae
stars,the light from a fire
stars,a headlight
stars,street lights
stars,the light from a phone screen
stars,a nova
stars,a supernova
a flashlight,a star
a flashlight,planets
a flashlight,galaxies
a flashlight,comets
a flashlight,a candle
a flashlight,a light bulb
a flashlight,asteroids
a flashlight,meteors
a flashlight,a planet
a flashlight,a comet
a flashlight,a meteor
a flashlight,an aurora
a flashlight,sunlight
a flashlight,the stars
a flashlight,a campfire
a flashlight,a firework
a flashlight,a lamp
a flashlight,a fire
a flashlight,sun
a flashlight,moon
a flashlight,candles
a flashlight,moonlight
a flashlight,starlight
a flashlight,flashlight
a flashlight,lightning
a flashlight,the light from a car.
a flashlight,the of a lightbulb
a flashlight,a rainbow
a flashlight,a searchlight
a flashlight,a lighthouse
a flashlight,a christmas tree
a flashlight,meteoroids
a flashlight,tumbling space debris
a flashlight,and interstellar dust.
a flashlight,the zodiacal light
a flashlight,the gegenschein
a flashlight,novas
a flashlight,supernovas
a flashlight,pulsars
a flashlight,northern lights
a flashlight,southern lights
a flashlight,lightbulbs
a flashlight,flashlights
a flashlight,lamps
a flashlight,fireflies
a flashlight,lightning bugs
a flashlight,glow worms
a flashlight,firelight
a flashlight,lamplight
a flashlight,torches
a flashlight,lamp
a flashlight,car headlights
a flashlight,candle
a flashlight,campfire
a flashlight,fireplace
a flashlight,nebulae
a flashlight,supernovae
a flashlight,the light from a fire
a flashlight,a headlight
a flashlight,street lights
a flashlight,the light from a phone screen
a flashlight,a nova
a flashlight,a supernova
a star,planets
a star,galaxies
a star,comets
a star,a candle
a star,a light bulb
a star,asteroids
a star,meteors
a star,a planet
a star,a comet
a star,a meteor
a star,an aurora
a star,sunlight
a star,the stars
a star,a campfire
a star,a firework
a star,a lamp
a star,a fire
a star,sun
a star,moon
a star,candles
a star,moonlight
a star,starlight
a star,flashlight
a star,lightning
a star,the light from a car.
a star,the of a lightbulb
a star,a rainbow
a star,a searchlight
a star,a lighthouse
a star,a christmas tree
a star,meteoroids
a star,tumbling space debris
a star,and interstellar dust.
a star,the zodiacal light
a star,the gegenschein
a star,novas
a star,supernovas
a star,pulsars
a star,northern lights
a star,southern lights
a star,lightbulbs
a star,flashlights
a star,lamps
a star,fireflies
a star,lightning bugs
a star,glow worms
a star,firelight
a star,lamplight
a star,torches
a star,lamp
a star,car headlights
a star,candle
a star,campfire
a star,fireplace
a star,nebulae
a star,supernovae
a star,the light from a fire
a star,a headlight
a star,street lights
a star,the light from a phone screen
a star,a nova
a star,a supernova
planets,galaxies
planets,comets
planets,a candle
planets,a light bulb
planets,asteroids
planets,meteors
planets,a planet
planets,a comet
planets,a meteor
planets,an aurora
planets,sunlight
planets,the stars
planets,a campfire
planets,a firework
planets,a lamp
planets,a fire
planets,sun
planets,moon
planets,candles
planets,moonlight
planets,starlight
planets,flashlight
planets,lightning
planets,the light from a car.
planets,the of a lightbulb
planets,a rainbow
planets,a searchlight
planets,a lighthouse
planets,a christmas tree
planets,meteoroids
planets,tumbling space debris
planets,and interstellar dust.
planets,the zodiacal light
planets,the gegenschein
planets,novas
planets,supernovas
planets,pulsars
planets,northern lights
planets,southern lights
planets,lightbulbs
planets,flashlights
planets,lamps
planets,fireflies
planets,lightning bugs
planets,glow worms
planets,firelight
planets,lamplight
planets,torches
planets,lamp
planets,car headlights
planets,candle
planets,campfire
planets,fireplace
planets,nebulae
planets,supernovae
planets,the light from a fire
planets,a headlight
planets,street lights
planets,the light from a phone screen
planets,a nova
planets,a supernova
galaxies,comets
galaxies,a candle
galaxies,a light bulb
galaxies,asteroids
galaxies,meteors
galaxies,a planet
galaxies,a comet
galaxies,a meteor
galaxies,an aurora
galaxies,sunlight
galaxies,the stars
galaxies,a campfire
galaxies,a firework
galaxies,a lamp
galaxies,a fire
galaxies,sun
galaxies,moon
galaxies,candles
galaxies,moonlight
galaxies,starlight
galaxies,flashlight
galaxies,lightning
galaxies,the light from a car.
galaxies,the of a lightbulb
galaxies,a rainbow
galaxies,a searchlight
galaxies,a lighthouse
galaxies,a christmas tree
galaxies,meteoroids
galaxies,tumbling space debris
galaxies,and interstellar dust.
galaxies,the zodiacal light
galaxies,the gegenschein
galaxies,novas
galaxies,supernovas
galaxies,pulsars
galaxies,northern lights
galaxies,southern lights
galaxies,lightbulbs
galaxies,flashlights
galaxies,lamps
galaxies,fireflies
galaxies,lightning bugs
galaxies,glow worms
galaxies,firelight
galaxies,lamplight
galaxies,torches
galaxies,lamp
galaxies,car headlights
galaxies,candle
galaxies,campfire
galaxies,fireplace
galaxies,nebulae
galaxies,supernovae
galaxies,the light from a fire
galaxies,a headlight
galaxies,street lights
galaxies,the light from a phone screen
galaxies,a nova
galaxies,a supernova
comets,a candle
comets,a light bulb
comets,asteroids
comets,meteors
comets,a planet
comets,a comet
comets,a meteor
comets,an aurora
comets,sunlight
comets,the stars
comets,a campfire
comets,a firework
comets,a lamp
comets,a fire
comets,sun
comets,moon
comets,candles
comets,moonlight
comets,starlight
comets,flashlight
comets,lightning
comets,the light from a car.
comets,the of a lightbulb
comets,a rainbow
comets,a searchlight
comets,a lighthouse
comets,a christmas tree
comets,meteoroids
comets,tumbling space debris
comets,and interstellar dust.
comets,the zodiacal light
comets,the gegenschein
comets,novas
comets,supernovas
comets,pulsars
comets,northern lights
comets,southern lights
comets,lightbulbs
comets,flashlights
comets,lamps
comets,fireflies
comets,lightning bugs
comets,glow worms
comets,firelight
comets,lamplight
comets,torches
comets,lamp
comets,car headlights
comets,candle
comets,campfire
comets,fireplace
comets,nebulae
comets,supernovae
comets,the light from a fire
comets,a headlight
comets,street lights
comets,the light from a phone screen
comets,a nova
comets,a supernova
a candle,a light bulb
a candle,asteroids
a candle,meteors
a candle,a planet
a candle,a comet
a candle,a meteor
a candle,an aurora
a candle,sunlight
a candle,the stars
a candle,a campfire
a candle,a firework
a candle,a lamp
a candle,a fire
a candle,sun
a candle,moon
a candle,candles
a candle,moonlight
a candle,starlight
a candle,flashlight
a candle,lightning
a candle,the light from a car.
a candle,the of a lightbulb
a candle,a rainbow
a candle,a searchlight
a candle,a lighthouse
a candle,a christmas tree
a candle,meteoroids
a candle,tumbling space debris
a candle,and interstellar dust.
a candle,the zodiacal light
a candle,the gegenschein
a candle,novas
a candle,supernovas
a candle,pulsars
a candle,northern lights
a candle,southern lights
a candle,lightbulbs
a candle,flashlights
a candle,lamps
a candle,fireflies
a candle,lightning bugs
a candle,glow worms
a candle,firelight
a candle,lamplight
a candle,torches
a candle,lamp
a candle,car headlights
a candle,candle
a candle,campfire
a candle,fireplace
a candle,nebulae
a candle,supernovae
a candle,the light from a fire
a candle,a headlight
a candle,street lights
a candle,the light from a phone screen
a candle,a nova
a candle,a supernova
a light bulb,asteroids
a light bulb,meteors
a light bulb,a planet
a light bulb,a comet
a light bulb,a meteor
a light bulb,an aurora
a light bulb,sunlight
a light bulb,the stars
a light bulb,a campfire
a light bulb,a firework
a light bulb,a lamp
a light bulb,a fire
a light bulb,sun
a light bulb,moon
a light bulb,candles
a light bulb,moonlight
a light bulb,starlight
a light bulb,flashlight
a light bulb,lightning
a light bulb,the light from a car.
a light bulb,the of a lightbulb
a light bulb,a rainbow
a light bulb,a searchlight
a light bulb,a lighthouse
a light bulb,a christmas tree
a light bulb,meteoroids
a light bulb,tumbling space debris
a light bulb,and interstellar dust.
a light bulb,the zodiacal light
a light bulb,the gegenschein
a light bulb,novas
a light bulb,supernovas
a light bulb,pulsars
a light bulb,northern lights
a light bulb,southern lights
a light bulb,lightbulbs
a light bulb,flashlights
a light bulb,lamps
a light bulb,fireflies
a light bulb,lightning bugs
a light bulb,glow worms
a light bulb,firelight
a light bulb,lamplight
a light bulb,torches
a light bulb,lamp
a light bulb,car headlights
a light bulb,candle
a light bulb,campfire
a light bulb,fireplace
a light bulb,nebulae
a light bulb,supernovae
a light bulb,the light from a fire
a light bulb,a headlight
a light bulb,street lights
a light bulb,the light from a phone screen
a light bulb,a nova
a light bulb,a supernova
asteroids,meteors
asteroids,a planet
asteroids,a comet
asteroids,a meteor
asteroids,an aurora
asteroids,sunlight
asteroids,the stars
asteroids,a campfire
asteroids,a firework
asteroids,a lamp
asteroids,a fire
asteroids,sun
asteroids,moon
asteroids,candles
asteroids,moonlight
asteroids,starlight
asteroids,flashlight
asteroids,lightning
asteroids,the light from a car.
asteroids,the of a lightbulb
asteroids,a rainbow
asteroids,a searchlight
asteroids,a lighthouse
asteroids,a christmas tree
asteroids,meteoroids
asteroids,tumbling space debris
asteroids,and interstellar dust.
asteroids,the zodiacal light
asteroids,the gegenschein
asteroids,novas
asteroids,supernovas
asteroids,pulsars
asteroids,northern lights
asteroids,southern lights
asteroids,lightbulbs
asteroids,flashlights
asteroids,lamps
asteroids,fireflies
asteroids,lightning bugs
asteroids,glow worms
asteroids,firelight
asteroids,lamplight
asteroids,torches
asteroids,lamp
asteroids,car headlights
asteroids,candle
asteroids,campfire
asteroids,fireplace
asteroids,nebulae
asteroids,supernovae
asteroids,the light from a fire
asteroids,a headlight
asteroids,street lights
asteroids,the light from a phone screen
asteroids,a nova
asteroids,a supernova
meteors,a planet
meteors,a comet
meteors,a meteor
meteors,an aurora
meteors,sunlight
meteors,the stars
meteors,a campfire
meteors,a firework
meteors,a lamp
meteors,a fire
meteors,sun
meteors,moon
meteors,candles
meteors,moonlight
meteors,starlight
meteors,flashlight
meteors,lightning
meteors,the light from a car.
meteors,the of a lightbulb
meteors,a rainbow
meteors,a searchlight
meteors,a lighthouse
meteors,a christmas tree
meteors,meteoroids
meteors,tumbling space debris
meteors,and interstellar dust.
meteors,the zodiacal light
meteors,the gegenschein
meteors,novas
meteors,supernovas
meteors,pulsars
meteors,northern lights
meteors,southern lights
meteors,lightbulbs
meteors,flashlights
meteors,lamps
meteors,fireflies
meteors,lightning bugs
meteors,glow worms
meteors,firelight
meteors,lamplight
meteors,torches
meteors,lamp
meteors,car headlights
meteors,candle
meteors,campfire
meteors,fireplace
meteors,nebulae
meteors,supernovae
meteors,the light from a fire
meteors,a headlight
meteors,street lights
meteors,the light from a phone screen
meteors,a nova
meteors,a supernova
a planet,a comet
a planet,a meteor
a planet,an aurora
a planet,sunlight
a planet,the stars
a planet,a campfire
a planet,a firework
a planet,a lamp
a planet,a fire
a planet,sun
a planet,moon
a planet,candles
a planet,moonlight
a planet,starlight
a planet,flashlight
a planet,lightning
a planet,the light from a car.
a planet,the of a lightbulb
a planet,a rainbow
a planet,a searchlight
a planet,a lighthouse
a planet,a christmas tree
a planet,meteoroids
a planet,tumbling space debris
a planet,and interstellar dust.
a planet,the zodiacal light
a planet,the gegenschein
a planet,novas
a planet,supernovas
a planet,pulsars
a planet,northern lights
a planet,southern lights
a planet,lightbulbs
a planet,flashlights
a planet,lamps
a planet,fireflies
a planet,lightning bugs
a planet,glow worms
a planet,firelight
a planet,lamplight
a planet,torches
a planet,lamp
a planet,car headlights
a planet,candle
a planet,campfire
a planet,fireplace
a planet,nebulae
a planet,supernovae
a planet,the light from a fire
a planet,a headlight
a planet,street lights
a planet,the light from a phone screen
a planet,a nova
a planet,a supernova
a comet,a meteor
a comet,an aurora
a comet,sunlight
a comet,the stars
a comet,a campfire
a comet,a firework
a comet,a lamp
a comet,a fire
a comet,sun
a comet,moon
a comet,candles
a comet,moonlight
a comet,starlight
a comet,flashlight
a comet,lightning
a comet,the light from a car.
a comet,the of a lightbulb
a comet,a rainbow
a comet,a searchlight
a comet,a lighthouse
a comet,a christmas tree
a comet,meteoroids
a comet,tumbling space debris
a comet,and interstellar dust.
a comet,the zodiacal light
a comet,the gegenschein
a comet,novas
a comet,supernovas
a comet,pulsars
a comet,northern lights
a comet,southern lights
a comet,lightbulbs
a comet,flashlights
a comet,lamps
a comet,fireflies
a comet,lightning bugs
a comet,glow worms
a comet,firelight
a comet,lamplight
a comet,torches
a comet,lamp
a comet,car headlights
a comet,candle
a comet,campfire
a comet,fireplace
a comet,nebulae
a comet,supernovae
a comet,the light from a fire
a comet,a headlight
a comet,street lights
a comet,the light from a phone screen
a comet,a nova
a comet,a supernova
a meteor,an aurora
a meteor,sunlight
a meteor,the stars
a meteor,a campfire
a meteor,a firework
a meteor,a lamp
a meteor,a fire
a meteor,sun
a meteor,moon
a meteor,candles
a meteor,moonlight
a meteor,starlight
a meteor,flashlight
a meteor,lightning
a meteor,the light from a car.
a meteor,the of a lightbulb
a meteor,a rainbow
a meteor,a searchlight
a meteor,a lighthouse
a meteor,a christmas tree
a meteor,meteoroids
a meteor,tumbling space debris
a meteor,and interstellar dust.
a meteor,the zodiacal light
a meteor,the gegenschein
a meteor,novas
a meteor,supernovas
a meteor,pulsars
a meteor,northern lights
a meteor,southern lights
a meteor,lightbulbs
a meteor,flashlights
a meteor,lamps
a meteor,fireflies
a meteor,lightning bugs
a meteor,glow worms
a meteor,firelight
a meteor,lamplight
a meteor,torches
a meteor,lamp
a meteor,car headlights
a meteor,candle
a meteor,campfire
a meteor,fireplace
a meteor,nebulae
a meteor,supernovae
a meteor,the light from a fire
a meteor,a headlight
a meteor,street lights
a meteor,the light from a phone screen
a meteor,a nova
a meteor,a supernova
an aurora,sunlight
an aurora,the stars
an aurora,a campfire
an aurora,a firework
an aurora,a lamp
an aurora,a fire
an aurora,sun
an aurora,moon
an aurora,candles
an aurora,moonlight
an aurora,starlight
an aurora,flashlight
an aurora,lightning
an aurora,the light from a car.
an aurora,the of a lightbulb
an aurora,a rainbow
an aurora,a searchlight
an aurora,a lighthouse
an aurora,a christmas tree
an aurora,meteoroids
an aurora,tumbling space debris
an aurora,and interstellar dust.
an aurora,the zodiacal light
an aurora,the gegenschein
an aurora,novas
an aurora,supernovas
an aurora,pulsars
an aurora,northern lights
an aurora,southern lights
an aurora,lightbulbs
an aurora,flashlights
an aurora,lamps
an aurora,fireflies
an aurora,lightning bugs
an aurora,glow worms
an aurora,firelight
an aurora,lamplight
an aurora,torches
an aurora,lamp
an aurora,car headlights
an aurora,candle
an aurora,campfire
an aurora,fireplace
an aurora,nebulae
an aurora,supernovae
an aurora,the light from a fire
an aurora,a headlight
an aurora,street lights
an aurora,the light from a phone screen
an aurora,a nova
an aurora,a supernova
sunlight,the stars
sunlight,a campfire
sunlight,a firework
sunlight,a lamp
sunlight,a fire
sunlight,sun
sunlight,moon
sunlight,candles
sunlight,moonlight
sunlight,starlight
sunlight,flashlight
sunlight,lightning
sunlight,the light from a car.
sunlight,the of a lightbulb
sunlight,a rainbow
sunlight,a searchlight
sunlight,a lighthouse
sunlight,a christmas tree
sunlight,meteoroids
sunlight,tumbling space debris
sunlight,and interstellar dust.
sunlight,the zodiacal light
sunlight,the gegenschein
sunlight,novas
sunlight,supernovas
sunlight,pulsars
sunlight,northern lights
sunlight,southern lights
sunlight,lightbulbs
sunlight,flashlights
sunlight,lamps
sunlight,fireflies
sunlight,lightning bugs
sunlight,glow worms
sunlight,firelight
sunlight,lamplight
sunlight,torches
sunlight,lamp
sunlight,car headlights
sunlight,candle
sunlight,campfire
sunlight,fireplace
sunlight,nebulae
sunlight,supernovae
sunlight,the light from a fire
sunlight,a headlight
sunlight,street lights
sunlight,the light from a phone screen
sunlight,a nova
sunlight,a supernova
the stars,a campfire
the stars,a firework
the stars,a lamp
the stars,a fire
the stars,sun
the stars,moon
the stars,candles
the stars,moonlight
the stars,starlight
the stars,flashlight
the stars,lightning
the stars,the light from a car.
the stars,the of a lightbulb
the stars,a rainbow
the stars,a searchlight
the stars,a lighthouse
the stars,a christmas tree
the stars,meteoroids
the stars,tumbling space debris
the stars,and interstellar dust.
the stars,the zodiacal light
the stars,the gegenschein
the stars,novas
the stars,supernovas
the stars,pulsars
the stars,northern lights
the stars,southern lights
the stars,lightbulbs
the stars,flashlights
the stars,lamps
the stars,fireflies
the stars,lightning bugs
the stars,glow worms
the stars,firelight
the stars,lamplight
the stars,torches
the stars,lamp
the stars,car headlights
the stars,candle
the stars,campfire
the stars,fireplace
the stars,nebulae
the stars,supernovae
the stars,the light from a fire
the stars,a headlight
the stars,street lights
the stars,the light from a phone screen
the stars,a nova
the stars,a supernova
a campfire,a firework
a campfire,a lamp
a campfire,a fire
a campfire,sun
a campfire,moon
a campfire,candles
a campfire,moonlight
a campfire,starlight
a campfire,flashlight
a campfire,lightning
a campfire,the light from a car.
a campfire,the of a lightbulb
a campfire,a rainbow
a campfire,a searchlight
a campfire,a lighthouse
a campfire,a christmas tree
a campfire,meteoroids
a campfire,tumbling space debris
a campfire,and interstellar dust.
a campfire,the zodiacal light
a campfire,the gegenschein
a campfire,novas
a campfire,supernovas
a campfire,pulsars
a campfire,northern lights
a campfire,southern lights
a campfire,lightbulbs
a campfire,flashlights
a campfire,lamps
a campfire,fireflies
a campfire,lightning bugs
a campfire,glow worms
a campfire,firelight
a campfire,lamplight
a campfire,torches
a campfire,lamp
a campfire,car headlights
a campfire,candle
a campfire,campfire
a campfire,fireplace
a campfire,nebulae
a campfire,supernovae
a campfire,the light from a fire
a campfire,a headlight
a campfire,street lights
a campfire,the light from a phone screen
a campfire,a nova
a campfire,a supernova
a firework,a lamp
a firework,a fire
a firework,sun
a firework,moon
a firework,candles
a firework,moonlight
a firework,starlight
a firework,flashlight
a firework,lightning
a firework,the light from a car.
a firework,the of a lightbulb
a firework,a rainbow
a firework,a searchlight
a firework,a lighthouse
a firework,a christmas tree
a firework,meteoroids
a firework,tumbling space debris
a firework,and interstellar dust.
a firework,the zodiacal light
a firework,the gegenschein
a firework,novas
a firework,supernovas
a firework,pulsars
a firework,northern lights
a firework,southern lights
a firework,lightbulbs
a firework,flashlights
a firework,lamps
a firework,fireflies
a firework,lightning bugs
a firework,glow worms
a firework,firelight
a firework,lamplight
a firework,torches
a firework,lamp
a firework,car headlights
a firework,candle
a firework,campfire
a firework,fireplace
a firework,nebulae
a firework,supernovae
a firework,the light from a fire
a firework,a headlight
a firework,street lights
a firework,the light from a phone screen
a firework,a nova
a firework,a supernova
a lamp,a fire
a lamp,sun
a lamp,moon
a lamp,candles
a lamp,moonlight
a lamp,starlight
a lamp,flashlight
a lamp,lightning
a lamp,the light from a car.
a lamp,the of a lightbulb
a lamp,a rainbow
a lamp,a searchlight
a lamp,a lighthouse
a lamp,a christmas tree
a lamp,meteoroids
a lamp,tumbling space debris
a lamp,and interstellar dust.
a lamp,the zodiacal light
a lamp,the gegenschein
a lamp,novas
a lamp,supernovas
a lamp,pulsars
a lamp,northern lights
a lamp,southern lights
a lamp,lightbulbs
a lamp,flashlights
a lamp,lamps
a lamp,fireflies
a lamp,lightning bugs
a lamp,glow worms
a lamp,firelight
a lamp,lamplight
a lamp,torches
a lamp,lamp
a lamp,car headlights
a lamp,candle
a lamp,campfire
a lamp,fireplace
a lamp,nebulae
a lamp,supernovae
a lamp,the light from a fire
a lamp,a headlight
a lamp,street lights
a lamp,the light from a phone screen
a lamp,a nova
a lamp,a supernova
a fire,sun
a fire,moon
a fire,candles
a fire,moonlight
a fire,starlight
a fire,flashlight
a fire,lightning
a fire,the light from a car.
a fire,the of a lightbulb
a fire,a rainbow
a fire,a searchlight
a fire,a lighthouse
a fire,a christmas tree
a fire,meteoroids
a fire,tumbling space debris
a fire,and interstellar dust.
a fire,the zodiacal light
a fire,the gegenschein
a fire,novas
a fire,supernovas
a fire,pulsars
a fire,northern lights
a fire,southern lights
a fire,lightbulbs
a fire,flashlights
a fire,lamps
a fire,fireflies
a fire,lightning bugs
a fire,glow worms
a fire,firelight
a fire,lamplight
a fire,torches
a fire,lamp
a fire,car headlights
a fire,candle
a fire,campfire
a fire,fireplace
a fire,nebulae
a fire,supernovae
a fire,the light from a fire
a fire,a headlight
a fire,street lights
a fire,the light from a phone screen
a fire,a nova
a fire,a supernova
sun,moon
sun,candles
sun,moonlight
sun,starlight
sun,flashlight
sun,lightning
sun,the light from a car.
sun,the of a lightbulb
sun,a rainbow
sun,a searchlight
sun,a lighthouse
sun,a christmas tree
sun,meteoroids
sun,tumbling space debris
sun,and interstellar dust.
sun,the zodiacal light
sun,the gegenschein
sun,novas
sun,supernovas
sun,pulsars
sun,northern lights
sun,southern lights
sun,lightbulbs
sun,flashlights
sun,lamps
sun,fireflies
sun,lightning bugs
sun,glow worms
sun,firelight
sun,lamplight
sun,torches
sun,lamp
sun,car headlights
sun,candle
sun,campfire
sun,fireplace
sun,nebulae
sun,supernovae
sun,the light from a fire
sun,a headlight
sun,street lights
sun,the light from a phone screen
sun,a nova
sun,a supernova
moon,candles
moon,moonlight
moon,starlight
moon,flashlight
moon,lightning
moon,the light from a car.
moon,the of a lightbulb
moon,a rainbow
moon,a searchlight
moon,a lighthouse
moon,a christmas tree
moon,meteoroids
moon,tumbling space debris
moon,and interstellar dust.
moon,the zodiacal light
moon,the gegenschein
moon,novas
moon,supernovas
moon,pulsars
moon,northern lights
moon,southern lights
moon,lightbulbs
moon,flashlights
moon,lamps
moon,fireflies
moon,lightning bugs
moon,glow worms
moon,firelight
moon,lamplight
moon,torches
moon,lamp
moon,car headlights
moon,candle
moon,campfire
moon,fireplace
moon,nebulae
moon,supernovae
moon,the light from a fire
moon,a headlight
moon,street lights
moon,the light from a phone screen
moon,a nova
moon,a supernova
candles,moonlight
candles,starlight
candles,flashlight
candles,lightning
candles,the light from a car.
candles,the of a lightbulb
candles,a rainbow
candles,a searchlight
candles,a lighthouse
candles,a christmas tree
candles,meteoroids
candles,tumbling space debris
candles,and interstellar dust.
candles,the zodiacal light
candles,the gegenschein
candles,novas
candles,supernovas
candles,pulsars
candles,northern lights
candles,southern lights
candles,lightbulbs
candles,flashlights
candles,lamps
candles,fireflies
candles,lightning bugs
candles,glow worms
candles,firelight
candles,lamplight
candles,torches
candles,lamp
candles,car headlights
candles,candle
candles,campfire
candles,fireplace
candles,nebulae
candles,supernovae
candles,the light from a fire
candles,a headlight
candles,street lights
candles,the light from a phone screen
candles,a nova
candles,a supernova
moonlight,starlight
moonlight,flashlight
moonlight,lightning
moonlight,the light from a car.
moonlight,the of a lightbulb
moonlight,a rainbow
moonlight,a searchlight
moonlight,a lighthouse
moonlight,a christmas tree
moonlight,meteoroids
moonlight,tumbling space debris
moonlight,and interstellar dust.
moonlight,the zodiacal light
moonlight,the gegenschein
moonlight,novas
moonlight,supernovas
moonlight,pulsars
moonlight,northern lights
moonlight,southern lights
moonlight,lightbulbs
moonlight,flashlights
moonlight,lamps
moonlight,fireflies
moonlight,lightning bugs
moonlight,glow worms
moonlight,firelight
moonlight,lamplight
moonlight,torches
moonlight,lamp
moonlight,car headlights
moonlight,candle
moonlight,campfire
moonlight,fireplace
moonlight,nebulae
moonlight,supernovae
moonlight,the light from a fire
moonlight,a headlight
moonlight,street lights
moonlight,the light from a phone screen
moonlight,a nova
moonlight,a supernova
starlight,flashlight
starlight,lightning
starlight,the light from a car.
starlight,the of a lightbulb
starlight,a rainbow
starlight,a searchlight
starlight,a lighthouse
starlight,a christmas tree
starlight,meteoroids
starlight,tumbling space debris
starlight,and interstellar dust.
starlight,the zodiacal light
starlight,the gegenschein
starlight,novas
starlight,supernovas
starlight,pulsars
starlight,northern lights
starlight,southern lights
starlight,lightbulbs
starlight,flashlights
starlight,lamps
starlight,fireflies
starlight,lightning bugs
starlight,glow worms
starlight,firelight
starlight,lamplight
starlight,torches
starlight,lamp
starlight,car headlights
starlight,candle
starlight,campfire
starlight,fireplace
starlight,nebulae
starlight,supernovae
starlight,the light from a fire
starlight,a headlight
starlight,street lights
starlight,the light from a phone screen
starlight,a nova
starlight,a supernova
flashlight,lightning
flashlight,the light from a car.
flashlight,the of a lightbulb
flashlight,a rainbow
flashlight,a searchlight
flashlight,a lighthouse
flashlight,a christmas tree
flashlight,meteoroids
flashlight,tumbling space debris
flashlight,and interstellar dust.
flashlight,the zodiacal light
flashlight,the gegenschein
flashlight,novas
flashlight,supernovas
flashlight,pulsars
flashlight,northern lights
flashlight,southern lights
flashlight,lightbulbs
flashlight,flashlights
flashlight,lamps
flashlight,fireflies
flashlight,lightning bugs
flashlight,glow worms
flashlight,firelight
flashlight,lamplight
flashlight,torches
flashlight,lamp
flashlight,car headlights
flashlight,candle
flashlight,campfire
flashlight,fireplace
flashlight,nebulae
flashlight,supernovae
flashlight,the light from a fire
flashlight,a headlight
flashlight,street lights
flashlight,the light from a phone screen
flashlight,a nova
flashlight,a supernova
lightning,the light from a car.
lightning,the of a lightbulb
lightning,a rainbow
lightning,a searchlight
lightning,a lighthouse
lightning,a christmas tree
lightning,meteoroids
lightning,tumbling space debris
lightning,and interstellar dust.
lightning,the zodiacal light
lightning,the gegenschein
lightning,novas
lightning,supernovas
lightning,pulsars
lightning,northern lights
lightning,southern lights
lightning,lightbulbs
lightning,flashlights
lightning,lamps
lightning,fireflies
lightning,lightning bugs
lightning,glow worms
lightning,firelight
lightning,lamplight
lightning,torches
lightning,lamp
lightning,car headlights
lightning,candle
lightning,campfire
lightning,fireplace
lightning,nebulae
lightning,supernovae
lightning,the light from a fire
lightning,a headlight
lightning,street lights
lightning,the light from a phone screen
lightning,a nova
lightning,a supernova
the light from a car.,the of a lightbulb
the light from a car.,a rainbow
the light from a car.,a searchlight
the light from a car.,a lighthouse
the light from a car.,a christmas tree
the light from a car.,meteoroids
the light from a car.,tumbling space debris
the light from a car.,and interstellar dust.
the light from a car.,the zodiacal light
the light from a car.,the gegenschein
the light from a car.,novas
the light from a car.,supernovas
the light from a car.,pulsars
the light from a car.,northern lights
the light from a car.,southern lights
the light from a car.,lightbulbs
the light from a car.,flashlights
the light from a car.,lamps
the light from a car.,fireflies
the light from a car.,lightning bugs
the light from a car.,glow worms
the light from a car.,firelight
the light from a car.,lamplight
the light from a car.,torches
the light from a car.,lamp
the light from a car.,car headlights
the light from a car.,candle
the light from a car.,campfire
the light from a car.,fireplace
the light from a car.,nebulae
the light from a car.,supernovae
the light from a car.,the light from a fire
the light from a car.,a headlight
the light from a car.,street lights
the light from a car.,the light from a phone screen
the light from a car.,a nova
the light from a car.,a supernova
the of a lightbulb,a rainbow
the of a lightbulb,a searchlight
the of a lightbulb,a lighthouse
the of a lightbulb,a christmas tree
the of a lightbulb,meteoroids
the of a lightbulb,tumbling space debris
the of a lightbulb,and interstellar dust.
the of a lightbulb,the zodiacal light
the of a lightbulb,the gegenschein
the of a lightbulb,novas
the of a lightbulb,supernovas
the of a lightbulb,pulsars
the of a lightbulb,northern lights
the of a lightbulb,southern lights
the of a lightbulb,lightbulbs
the of a lightbulb,flashlights
the of a lightbulb,lamps
the of a lightbulb,fireflies
the of a lightbulb,lightning bugs
the of a lightbulb,glow worms
the of a lightbulb,firelight
the of a lightbulb,lamplight
the of a lightbulb,torches
the of a lightbulb,lamp
the of a lightbulb,car headlights
the of a lightbulb,candle
the of a lightbulb,campfire
the of a lightbulb,fireplace
the of a lightbulb,nebulae
the of a lightbulb,supernovae
the of a lightbulb,the light from a fire
the of a lightbulb,a headlight
the of a lightbulb,street lights
the of a lightbulb,the light from a phone screen
the of a lightbulb,a nova
the of a lightbulb,a supernova
a rainbow,a searchlight
a rainbow,a lighthouse
a rainbow,a christmas tree
a rainbow,meteoroids
a rainbow,tumbling space debris
a rainbow,and interstellar dust.
a rainbow,the zodiacal light
a rainbow,the gegenschein
a rainbow,novas
a rainbow,supernovas
a rainbow,pulsars
a rainbow,northern lights
a rainbow,southern lights
a rainbow,lightbulbs
a rainbow,flashlights
a rainbow,lamps
a rainbow,fireflies
a rainbow,lightning bugs
a rainbow,glow worms
a rainbow,firelight
a rainbow,lamplight
a rainbow,torches
a rainbow,lamp
a rainbow,car headlights
a rainbow,candle
a rainbow,campfire
a rainbow,fireplace
a rainbow,nebulae
a rainbow,supernovae
a rainbow,the light from a fire
a rainbow,a headlight
a rainbow,street lights
a rainbow,the light from a phone screen
a rainbow,a nova
a rainbow,a supernova
a searchlight,a lighthouse
a searchlight,a christmas tree
a searchlight,meteoroids
a searchlight,tumbling space debris
a searchlight,and interstellar dust.
a searchlight,the zodiacal light
a searchlight,the gegenschein
a searchlight,novas
a searchlight,supernovas
a searchlight,pulsars
a searchlight,northern lights
a searchlight,southern lights
a searchlight,lightbulbs
a searchlight,flashlights
a searchlight,lamps
a searchlight,fireflies
a searchlight,lightning bugs
a searchlight,glow worms
a searchlight,firelight
a searchlight,lamplight
a searchlight,torches
a searchlight,lamp
a searchlight,car headlights
a searchlight,candle
a searchlight,campfire
a searchlight,fireplace
a searchlight,nebulae
a searchlight,supernovae
a searchlight,the light from a fire
a searchlight,a headlight
a searchlight,street lights
a searchlight,the light from a phone screen
a searchlight,a nova
a searchlight,a supernova
a lighthouse,a christmas tree
a lighthouse,meteoroids
a lighthouse,tumbling space debris
a lighthouse,and interstellar dust.
a lighthouse,the zodiacal light
a lighthouse,the gegenschein
a lighthouse,novas
a lighthouse,supernovas
a lighthouse,pulsars
a lighthouse,northern lights
a lighthouse,southern lights
a lighthouse,lightbulbs
a lighthouse,flashlights
a lighthouse,lamps
a lighthouse,fireflies
a lighthouse,lightning bugs
a lighthouse,glow worms
a lighthouse,firelight
a lighthouse,lamplight
a lighthouse,torches
a lighthouse,lamp
a lighthouse,car headlights
a lighthouse,candle
a lighthouse,campfire
a lighthouse,fireplace
a lighthouse,nebulae
a lighthouse,supernovae
a lighthouse,the light from a fire
a lighthouse,a headlight
a lighthouse,street lights
a lighthouse,the light from a phone screen
a lighthouse,a nova
a lighthouse,a supernova
a christmas tree,meteoroids
a christmas tree,tumbling space debris
a christmas tree,and interstellar dust.
a christmas tree,the zodiacal light
a christmas tree,the gegenschein
a christmas tree,novas
a christmas tree,supernovas
a christmas tree,pulsars
a christmas tree,northern lights
a christmas tree,southern lights
a christmas tree,lightbulbs
a christmas tree,flashlights
a christmas tree,lamps
a christmas tree,fireflies
a christmas tree,lightning bugs
a christmas tree,glow worms
a christmas tree,firelight
a christmas tree,lamplight
a christmas tree,torches
a christmas tree,lamp
a christmas tree,car headlights
a christmas tree,candle
a christmas tree,campfire
a christmas tree,fireplace
a christmas tree,nebulae
a christmas tree,supernovae
a christmas tree,the light from a fire
a christmas tree,a headlight
a christmas tree,street lights
a christmas tree,the light from a phone screen
a christmas tree,a nova
a christmas tree,a supernova
meteoroids,tumbling space debris
meteoroids,and interstellar dust.
meteoroids,the zodiacal light
meteoroids,the gegenschein
meteoroids,novas
meteoroids,supernovas
meteoroids,pulsars
meteoroids,northern lights
meteoroids,southern lights
meteoroids,lightbulbs
meteoroids,flashlights
meteoroids,lamps
meteoroids,fireflies
meteoroids,lightning bugs
meteoroids,glow worms
meteoroids,firelight
meteoroids,lamplight
meteoroids,torches
meteoroids,lamp
meteoroids,car headlights
meteoroids,candle
meteoroids,campfire
meteoroids,fireplace
meteoroids,nebulae
meteoroids,supernovae
meteoroids,the light from a fire
meteoroids,a headlight
meteoroids,street lights
meteoroids,the light from a phone screen
meteoroids,a nova
meteoroids,a supernova
tumbling space debris,and interstellar dust.
tumbling space debris,the zodiacal light
tumbling space debris,the gegenschein
tumbling space debris,novas
tumbling space debris,supernovas
tumbling space debris,pulsars
tumbling space debris,northern lights
tumbling space debris,southern lights
tumbling space debris,lightbulbs
tumbling space debris,flashlights
tumbling space debris,lamps
tumbling space debris,fireflies
tumbling space debris,lightning bugs
tumbling space debris,glow worms
tumbling space debris,firelight
tumbling space debris,lamplight
tumbling space debris,torches
tumbling space debris,lamp
tumbling space debris,car headlights
tumbling space debris,candle
tumbling space debris,campfire
tumbling space debris,fireplace
tumbling space debris,nebulae
tumbling space debris,supernovae
tumbling space debris,the light from a fire
tumbling space debris,a headlight
tumbling space debris,street lights
tumbling space debris,the light from a phone screen
tumbling space debris,a nova
tumbling space debris,a supernova
and interstellar dust.,the zodiacal light
and interstellar dust.,the gegenschein
and interstellar dust.,novas
and interstellar dust.,supernovas
and interstellar dust.,pulsars
and interstellar dust.,northern lights
and interstellar dust.,southern lights
and interstellar dust.,lightbulbs
and interstellar dust.,flashlights
and interstellar dust.,lamps
and interstellar dust.,fireflies
and interstellar dust.,lightning bugs
and interstellar dust.,glow worms
and interstellar dust.,firelight
and interstellar dust.,lamplight
and interstellar dust.,torches
and interstellar dust.,lamp
and interstellar dust.,car headlights
and interstellar dust.,candle
and interstellar dust.,campfire
and interstellar dust.,fireplace
and interstellar dust.,nebulae
and interstellar dust.,supernovae
and interstellar dust.,the light from a fire
and interstellar dust.,a headlight
and interstellar dust.,street lights
and interstellar dust.,the light from a phone screen
and interstellar dust.,a nova
and interstellar dust.,a supernova
the zodiacal light,the gegenschein
the zodiacal light,novas
the zodiacal light,supernovas
the zodiacal light,pulsars
the zodiacal light,northern lights
the zodiacal light,southern lights
the zodiacal light,lightbulbs
the zodiacal light,flashlights
the zodiacal light,lamps
the zodiacal light,fireflies
the zodiacal light,lightning bugs
the zodiacal light,glow worms
the zodiacal light,firelight
the zodiacal light,lamplight
the zodiacal light,torches
the zodiacal light,lamp
the zodiacal light,car headlights
the zodiacal light,candle
the zodiacal light,campfire
the zodiacal light,fireplace
the zodiacal light,nebulae
the zodiacal light,supernovae
the zodiacal light,the light from a fire
the zodiacal light,a headlight
the zodiacal light,street lights
the zodiacal light,the light from a phone screen
the zodiacal light,a nova
the zodiacal light,a supernova
the gegenschein,novas
the gegenschein,supernovas
the gegenschein,pulsars
the gegenschein,northern lights
the gegenschein,southern lights
the gegenschein,lightbulbs
the gegenschein,flashlights
the gegenschein,lamps
the gegenschein,fireflies
the gegenschein,lightning bugs
the gegenschein,glow worms
the gegenschein,firelight
the gegenschein,lamplight
the gegenschein,torches
the gegenschein,lamp
the gegenschein,car headlights
the gegenschein,candle
the gegenschein,campfire
the gegenschein,fireplace
the gegenschein,nebulae
the gegenschein,supernovae
the gegenschein,the light from a fire
the gegenschein,a headlight
the gegenschein,street lights
the gegenschein,the light from a phone screen
the gegenschein,a nova
the gegenschein,a supernova
novas,supernovas
novas,pulsars
novas,northern lights
novas,southern lights
novas,lightbulbs
novas,flashlights
novas,lamps
novas,fireflies
novas,lightning bugs
novas,glow worms
novas,firelight
novas,lamplight
novas,torches
novas,lamp
novas,car headlights
novas,candle
novas,campfire
novas,fireplace
novas,nebulae
novas,supernovae
novas,the light from a fire
novas,a headlight
novas,street lights
novas,the light from a phone screen
novas,a nova
novas,a supernova
supernovas,pulsars
supernovas,northern lights
supernovas,southern lights
supernovas,lightbulbs
supernovas,flashlights
supernovas,lamps
supernovas,fireflies
supernovas,lightning bugs
supernovas,glow worms
supernovas,firelight
supernovas,lamplight
supernovas,torches
supernovas,lamp
supernovas,car headlights
supernovas,candle
supernovas,campfire
supernovas,fireplace
supernovas,nebulae
supernovas,supernovae
supernovas,the light from a fire
supernovas,a headlight
supernovas,street lights
supernovas,the light from a phone screen
supernovas,a nova
supernovas,a supernova
pulsars,northern lights
pulsars,southern lights
pulsars,lightbulbs
pulsars,flashlights
pulsars,lamps
pulsars,fireflies
pulsars,lightning bugs
pulsars,glow worms
pulsars,firelight
pulsars,lamplight
pulsars,torches
pulsars,lamp
pulsars,car headlights
pulsars,candle
pulsars,campfire
pulsars,fireplace
pulsars,nebulae
pulsars,supernovae
pulsars,the light from a fire
pulsars,a headlight
pulsars,street lights
pulsars,the light from a phone screen
pulsars,a nova
pulsars,a supernova
northern lights,southern lights
northern lights,lightbulbs
northern lights,flashlights
northern lights,lamps
northern lights,fireflies
northern lights,lightning bugs
northern lights,glow worms
northern lights,firelight
northern lights,lamplight
northern lights,torches
northern lights,lamp
northern lights,car headlights
northern lights,candle
northern lights,campfire
northern lights,fireplace
northern lights,nebulae
northern lights,supernovae
northern lights,the light from a fire
northern lights,a headlight
northern lights,street lights
northern lights,the light from a phone screen
northern lights,a nova
northern lights,a supernova
southern lights,lightbulbs
southern lights,flashlights
southern lights,lamps
southern lights,fireflies
southern lights,lightning bugs
southern lights,glow worms
southern lights,firelight
southern lights,lamplight
southern lights,torches
southern lights,lamp
southern lights,car headlights
southern lights,candle
southern lights,campfire
southern lights,fireplace
southern lights,nebulae
southern lights,supernovae
southern lights,the light from a fire
southern lights,a headlight
southern lights,street lights
southern lights,the light from a phone screen
southern lights,a nova
southern lights,a supernova
lightbulbs,flashlights
lightbulbs,lamps
lightbulbs,fireflies
lightbulbs,lightning bugs
lightbulbs,glow worms
lightbulbs,firelight
lightbulbs,lamplight
lightbulbs,torches
lightbulbs,lamp
lightbulbs,car headlights
lightbulbs,candle
lightbulbs,campfire
lightbulbs,fireplace
lightbulbs,nebulae
lightbulbs,supernovae
lightbulbs,the light from a fire
lightbulbs,a headlight
lightbulbs,street lights
lightbulbs,the light from a phone screen
lightbulbs,a nova
lightbulbs,a supernova
flashlights,lamps
flashlights,fireflies
flashlights,lightning bugs
flashlights,glow worms
flashlights,firelight
flashlights,lamplight
flashlights,torches
flashlights,lamp
flashlights,car headlights
flashlights,candle
flashlights,campfire
flashlights,fireplace
flashlights,nebulae
flashlights,supernovae
flashlights,the light from a fire
flashlights,a headlight
flashlights,street lights
flashlights,the light from a phone screen
flashlights,a nova
flashlights,a supernova
lamps,fireflies
lamps,lightning bugs
lamps,glow worms
lamps,firelight
lamps,lamplight
lamps,torches
lamps,lamp
lamps,car headlights
lamps,candle
lamps,campfire
lamps,fireplace
lamps,nebulae
lamps,supernovae
lamps,the light from a fire
lamps,a headlight
lamps,street lights
lamps,the light from a phone screen
lamps,a nova
lamps,a supernova
fireflies,lightning bugs
fireflies,glow worms
fireflies,firelight
fireflies,lamplight
fireflies,torches
fireflies,lamp
fireflies,car headlights
fireflies,candle
fireflies,campfire
fireflies,fireplace
fireflies,nebulae
fireflies,supernovae
fireflies,the light from a fire
fireflies,a headlight
fireflies,street lights
fireflies,the light from a phone screen
fireflies,a nova
fireflies,a supernova
lightning bugs,glow worms
lightning bugs,firelight
lightning bugs,lamplight
lightning bugs,torches
lightning bugs,lamp
lightning bugs,car headlights
lightning bugs,candle
lightning bugs,campfire
lightning bugs,fireplace
lightning bugs,nebulae
lightning bugs,supernovae
lightning bugs,the light from a fire
lightning bugs,a headlight
lightning bugs,street lights
lightning bugs,the light from a phone screen
lightning bugs,a nova
lightning bugs,a supernova
glow worms,firelight
glow worms,lamplight
glow worms,torches
glow worms,lamp
glow worms,car headlights
glow worms,candle
glow worms,campfire
glow worms,fireplace
glow worms,nebulae
glow worms,supernovae
glow worms,the light from a fire
glow worms,a headlight
glow worms,street lights
glow worms,the light from a phone screen
glow worms,a nova
glow worms,a supernova
firelight,lamplight
firelight,torches
firelight,lamp
firelight,car headlights
firelight,candle
firelight,campfire
firelight,fireplace
firelight,nebulae
firelight,supernovae
firelight,the light from a fire
firelight,a headlight
firelight,street lights
firelight,the light from a phone screen
firelight,a nova
firelight,a supernova
lamplight,torches
lamplight,lamp
lamplight,car headlights
lamplight,candle
lamplight,campfire
lamplight,fireplace
lamplight,nebulae
lamplight,supernovae
lamplight,the light from a fire
lamplight,a headlight
lamplight,street lights
lamplight,the light from a phone screen
lamplight,a nova
lamplight,a supernova
torches,lamp
torches,car headlights
torches,candle
torches,campfire
torches,fireplace
torches,nebulae
torches,supernovae
torches,the light from a fire
torches,a headlight
torches,street lights
torches,the light from a phone screen
torches,a nova
torches,a supernova
lamp,car headlights
lamp,candle
lamp,campfire
lamp,fireplace
lamp,nebulae
lamp,supernovae
lamp,the light from a fire
lamp,a headlight
lamp,street lights
lamp,the light from a phone screen
lamp,a nova
lamp,a supernova
car headlights,candle
car headlights,campfire
car headlights,fireplace
car headlights,nebulae
car headlights,supernovae
car headlights,the light from a fire
car headlights,a headlight
car headlights,street lights
car headlights,the light from a phone screen
car headlights,a nova
car headlights,a supernova
candle,campfire
candle,fireplace
candle,nebulae
candle,supernovae
candle,the light from a fire
candle,a headlight
candle,street lights
candle,the light from a phone screen
candle,a nova
candle,a supernova
campfire,fireplace
campfire,nebulae
campfire,supernovae
campfire,the light from a fire
campfire,a headlight
campfire,street lights
campfire,the light from a phone screen
campfire,a nova
campfire,a supernova
fireplace,nebulae
fireplace,supernovae
fireplace,the light from a fire
fireplace,a headlight
fireplace,street lights
fireplace,the light from a phone screen
fireplace,a nova
fireplace,a supernova
nebulae,supernovae
nebulae,the light from a fire
nebulae,a headlight
nebulae,street lights
nebulae,the light from a phone screen
nebulae,a nova
nebulae,a supernova
supernovae,the light from a fire
supernovae,a headlight
supernovae,street lights
supernovae,the light from a phone screen
supernovae,a nova
supernovae,a supernova
the light from a fire,a headlight
the light from a fire,street lights
the light from a fire,the light from a phone screen
the light from a fire,a nova
the light from a fire,a supernova
a headlight,street lights
a headlight,the light from a phone screen
a headlight,a nova
a headlight,a supernova
street lights,the light from a phone screen
street lights,a nova
street lights,a supernova
the light from a phone screen,a nova
the light from a phone screen,a supernova
a nova,a supernova
